cluster	gene	logfoldchange	pval	pval_adj	score
0	RPS12	0.8915439	3.793326173638694e-192	5.4881843080204625e-188	29.568546
0	RPL32	0.71355087	8.019804967296994e-187	5.8015269133426455e-183	29.1514
0	RPS27	0.9009119	5.6216034803987876e-185	2.7111119718136554e-181	29.005419
0	RPS6	0.7782937	4.704805136347236e-184	1.7017280178167951e-180	28.932167
0	RPS25	0.99412656	9.816325645626138e-177	2.8404519888183793e-173	28.344383
1	CCL5	5.553478	1.5945653877216557e-200	2.3070172029556914e-196	30.213085
1	NKG7	5.2936935	1.885357444910697e-182	1.3638675756483982e-178	28.804474
1	GZMA	4.44487	2.87371112240419e-138	1.3858950839647939e-134	25.030128
1	CST7	4.400718	5.749446575012123e-135	2.0795748261818848e-131	24.725075
1	B2M	0.81717736	4.293277150483093e-127	1.2423026762637876e-123	23.981928
2	LTB	2.354481	2.5714086895022788e-139	3.720314091971897e-135	25.126225
2	LDHB	1.9445013	6.589461930810603e-121	4.76681676074839e-117	23.381521
2	IL32	2.388573	3.0686345972369332e-118	1.4799001784274651e-114	23.117765
2	IL7R	2.3025331	1.1781728065616108e-99	4.261451041333346e-96	21.190111
2	CD3D	2.148887	1.867501296479184e-97	5.403801751492166e-94	20.950224
3	CD74	4.1181226	1.1267011142978463e-269	1.630111172166124e-265	35.085373
3	CD79A	7.8637943	4.674879767663766e-248	3.3818080239279684e-244	33.63797
3	HLA-DRA	4.9329753	2.954037052410165e-243	1.4246336024756756e-239	33.308033
3	CD79B	5.507794	3.2332099261960787e-216	1.1694520303051216e-212	31.385084
3	HLA-DPB1	4.115213	5.439391110898176e-215	1.573942211849496e-211	31.295107
4	LST1	5.1579995	1.74853602052007e-145	2.529781914488437e-141	25.68435
4	FCER1G	4.8117647	7.777324423566795e-140	5.6261164880082195e-136	25.173698
4	AIF1	4.878798	1.3772779552800947e-136	6.6421524856641366e-133	24.875296
4	COTL1	3.6501398	2.212676343386153e-134	8.003250334027715e-131	24.670597
4	FCGR3A	5.510155	7.316850515983593e-129	2.1172038653050123e-125	24.150837
5	LYZ	6.1790032	0.0	0.0	41.208576
5	S100A9	7.3552265	0.0	0.0	41.08984
5	S100A8	7.569854	0.0	0.0	40.360886
5	TYROBP	5.4924946	0.0	0.0	39.001247
5	FTL	3.5095026	0.0	0.0	37.951088
6	NKG7	6.690039	6.024170166587139e-130	8.715769397018272e-126	24.253834
6	GZMB	7.5569587	2.794142802282311e-122	2.0212829031710236e-118	23.516062
6	PRF1	6.213016	9.420194208310399e-120	4.5430456601944955e-116	23.267689
6	GNLY	7.6212296	1.4796984555546697e-117	5.35206931374124e-114	23.049742
6	CTSW	4.678851	1.610373166214001e-114	4.659775793756833e-111	22.744942
7	HLA-DPB1	4.696601	4.395553944648717e-30	6.238422752983397e-26	11.395646
7	HLA-DRB1	4.56355	8.623752768846277e-30	6.238422752983397e-26	11.336803
7	HLA-DPA1	4.430173	1.6600894621476644e-29	8.006058112784136e-26	11.279328
7	FCER1A	9.019464	3.7465595549629385e-28	1.3551305910300949e-24	11.001781
7	HLA-DRA	4.796469	9.859273130415943e-28	2.852879273017157e-24	10.914201
8	PF4	12.746312	5.044917763696752e-14	1.648928049137035e-10	7.530751
8	PPBP	13.1866455	5.052614032640929e-14	1.648928049137035e-10	7.5305524
8	NRGN	9.019816	5.1302144451787354e-14	1.648928049137035e-10	7.528562
8	GPX1	6.462235	5.3947026670725046e-14	1.648928049137035e-10	7.521994
8	RGS18	8.640962	5.698534867075737e-14	1.648928049137035e-10	7.514829
